{
  "rho_grid": [
    0.0,
    0.1285714285714286,
    0.2571428571428572,
    0.3857142857142858,
    0.5142857142857143,
    0.6428571428571429,
    0.7714285714285716,
    0.9
  ],
  "px1_values": [
    0.05,
    0.1,
    0.2,
    0.3
  ],
  "seed": 12021974,
  "processes_used": 18,
  "created_at": "2025-11-07T16:05:16-03:00",
  "networks": {
    "EnronCSV": "real/enron/proc_2_enron_edges_all.csv"
  }
}