{
  "rho_grid": [
    0.0,
    0.06666666666666667,
    0.13333333333333333,
    0.2,
    0.26666666666666666,
    0.3333333333333333,
    0.4,
    0.4666666666666667,
    0.5333333333333333,
    0.6
  ],
  "px1_values": [
    0.05,
    0.1,
    0.2,
    0.3
  ],
  "seed": 12021974,
  "processes_used": 18,
  "created_at": "2025-11-07T20:35:53-03:00",
  "networks": {
    "HepTh": "real/data-prep/hepth/edges_all.txt"
  }
}