{
  "N": 1000,
  "avg_degrees": [
    5.2,
    2.5
  ],
  "px1_values": [
    0.05,
    0.1,
    0.2,
    0.5
  ],
  "rkk_values": [
    -0.5,
    0.0,
    0.5
  ],
  "rho_kxs": [
    0.0,
    0.1142857142857143,
    0.2285714285714286,
    0.34285714285714286,
    0.4571428571428572,
    0.5714285714285715,
    0.6857142857142857,
    0.8
  ],
  "seed": 12021974,
  "processes_used": 18,
  "created_at": "2025-11-07T12:39:28-03:00"
}