{
  "N": 1000,
  "avg_degrees": [
    5.2,
    2.5
  ],
  "px1_values": [
    0.05,
    0.1,
    0.2
  ],
  "rkk_values": [
    -0.5,
    0.0,
    0.5
  ],
  "rho_kxs": [
    0.0,
    0.06666666666666667,
    0.13333333333333333,
    0.2,
    0.26666666666666666,
    0.3333333333333333,
    0.4,
    0.4666666666666667,
    0.5333333333333333,
    0.6
  ],
  "seed": 12021974,
  "threads_requested": 8,
  "threads_used": 8,
  "created_at": "2025-11-07T09:30:12-03:00"
}