{
  "dataset": "ca-HepTh (SNAP)",
  "n_raw": 9877,
  "l_raw": 25998,
  "n_gcc": 8638,
  "l_gcc": 24806,
  "avg_k": 5.74345913405881,
  "r_kk": 0.2389153108042067
}