{
  "dataset": "Enron (SNAP)",
  "n_raw": 36692,
  "l_raw": 183831,
  "n_gcc": 33696,
  "l_gcc": 180811,
  "avg_k": 10.731896961063628,
  "r_kk": -0.11649898701370821
}