{
  "N": 10000,
  "avg_degrees": [
    5.2,
    2.5
  ],
  "px1_values": [
    0.05,
    0.1,
    0.2
  ],
  "rkk_values": [
    -0.5,
    0.0,
    0.5
  ],
  "rho_kxs": [
    0.0,
    0.08571428571428572,
    0.17142857142857143,
    0.2571428571428571,
    0.34285714285714286,
    0.4285714285714286,
    0.5142857142857142,
    0.6
  ],
  "seed": 12021974,
  "processes_used": 18,
  "created_at": "2025-11-07T13:34:31-03:00"
}