{
  "N": 100,
  "avg_degrees": [
    5.2,
    2.5
  ],
  "px1_values": [
    0.05,
    0.1,
    0.2
  ],
  "rkk_values": [
    -0.5,
    0.0,
    0.5
  ],
  "rho_kxs": [
    0.0,
    0.09999999999999999,
    0.19999999999999998,
    0.3,
    0.39999999999999997,
    0.49999999999999994,
    0.6
  ],
  "seed": 12021974,
  "threads_requested": 8,
  "threads_used": 8,
  "created_at": "2025-11-07T08:54:34-03:00"
}